"","Chisq","Df","Pr(>Chisq)"
"Treatment",1.87799303000486,2,0.391020021274369
"PaternalStock",30.3607463127121,1,3.58714157758621e-08
"vial_letter",5.51895569610492,3,0.137509242584818
"Treatment:PaternalStock",2.74740361850578,2,0.253168042975935
"Treatment:vial_letter",2.01612060196541,6,0.91821003436446
"PaternalStock:vial_letter",5.29081674508235,3,0.151699389737047
"Treatment:PaternalStock:vial_letter",7.2936297346541,6,0.294544005325135
