"","Chisq","Df","Pr(>Chisq)"
"Treatment",1.87811698364329,2,0.390995787848162
"PaternalStock",30.3612595829126,1,3.58619252552198e-08
"vial_letter",5.51881975317347,3,0.137517310869873
"Treatment:PaternalStock",2.74753715716938,2,0.25315113967919
"Treatment:vial_letter",2.01619493534208,6,0.918203142927159
"PaternalStock:vial_letter",5.29082051441205,3,0.15169914423848
"Treatment:PaternalStock:vial_letter",7.29353621237593,6,0.294552112985201
