"","contrast","PaternalStock","estimate","SE","df","z.ratio","p.value"
"1","1x - 0.5x","42",0.127285276127115,0.187493509875016,Inf,0.67887830470486,0.712482410241438
"2","2x - 0.5x","42",-0.184922338494098,0.26467032673155,Inf,-0.698689349795004,0.699742375026776
"3","1x - 0.5x","217",0.0921189943201222,0.143820839162501,Inf,0.640512145920929,0.736896527840001
"4","2x - 0.5x","217",-0.0480407334134377,0.158337412502993,Inf,-0.303407341663673,0.921804519038299
