"","Chisq","Df","Pr(>Chisq)"
"Stage",1805.22857689212,4,0
"Treatment",2.36288225500845,2,0.306836229691935
"Stock",0.326116839857111,1,0.567954629727844
"Age",0.00461333779707973,2,0.997695989417819
"Treatment:Stock",14.6469276201923,2,0.000659872574781917
"Treatment:Age",7.18139630847417,4,0.12660718233067
"Stock:Age",0.882372830000485,2,0.643272779699836
"Stage:Treatment",19.6614305554262,8,0.0116957501736025
"Treatment:Stock:Age",12.9987511756303,4,0.0112818975369757
