"","Chisq","Df","Pr(>Chisq)"
"Treatment",5.82257975157628,2,0.0544055082425146
"PaternalStock",5.75477433269734,1,0.0164439076758986
"vial_letter",81.2643870230432,3,1.64362091725983e-17
"Treatment:PaternalStock",1.13095561889718,2,0.568088643777727
"Treatment:vial_letter",11.5835815437134,6,0.0719300114254009
"PaternalStock:vial_letter",43.7748665300805,3,1.68485492323658e-09
"Treatment:PaternalStock:vial_letter",10.1633520174331,6,0.11793933417663
