"","Chisq","Df","Pr(>Chisq)"
"Treatment",4.88555732790001,2,0.0869189969180362
"PaternalStock",15.2842370885809,1,9.24850621284353e-05
"vial_letter",63.2673711268474,3,1.1773443409586e-13
"Treatment:PaternalStock",2.93796322676707,2,0.230159757493266
"Treatment:vial_letter",13.1111371702392,6,0.0413046382630309
"PaternalStock:vial_letter",5.67845712331798,3,0.128346085389437
"Treatment:PaternalStock:vial_letter",11.0083107544882,6,0.0881199177945926
