"","Chisq","Df","Pr(>Chisq)"
"Treatment",6.14840606939477,2,0.0462264545854951
"PaternalStock",1.9369593591114,1,0.163999062803066
"vial_letter",115.921518161005,3,5.83019919955361e-25
"Treatment:PaternalStock",2.56465066575887,2,0.277391522292323
"Treatment:vial_letter",13.694307266771,6,0.0332437031291338
"PaternalStock:vial_letter",56.1038752940376,3,3.99189014860377e-12
"Treatment:PaternalStock:vial_letter",32.7625265635042,6,1.16486501555371e-05
