"","Chisq","Df","Pr(>Chisq)"
"Treatment",5.82228243133508,2,0.0544135967731373
"PaternalStock",5.75463958680905,1,0.0164451689086567
"vial_letter",81.2643887663831,3,1.64361950177685e-17
"Treatment:PaternalStock",1.13068341153418,2,0.568165967995499
"Treatment:vial_letter",11.5830246132293,6,0.071944269587342
"PaternalStock:vial_letter",43.7742183650496,3,1.68538910044686e-09
"Treatment:PaternalStock:vial_letter",10.1624608521806,6,0.117975063683735
