"","Chisq","Df","Pr(>Chisq)"
"Treatment",5.43548713993265,2,0.0660235640268391
"PaternalStock",0.0428222663775135,1,0.83606029717119
"vial_letter",31.3003581299022,3,7.34839247478e-07
"Treatment:PaternalStock",3.20742484068879,2,0.201148382809168
"Treatment:vial_letter",9.71495745771574,6,0.137180447670823
"PaternalStock:vial_letter",32.6687543570944,3,3.78274969073715e-07
"Treatment:PaternalStock:vial_letter",15.62528035676,6,0.0159129951793132
