"","Chisq","Df","Pr(>Chisq)"
"Treatment",4.88553403557898,2,0.0869200091965205
"PaternalStock",15.2839509043614,1,9.24990753199404e-05
"vial_letter",63.2672645607822,3,1.1774061134611e-13
"Treatment:PaternalStock",2.93766300137381,2,0.230194309988437
"Treatment:vial_letter",13.1110029540793,6,0.0413066890871315
"PaternalStock:vial_letter",5.67835515661323,3,0.128351753410427
"Treatment:PaternalStock:vial_letter",11.0086924458916,6,0.0881081530347401
