"","Chisq","Df","Pr(>Chisq)"
"Treatment",5.43539588583366,2,0.0660265765559888
"PaternalStock",0.0428384604809323,1,0.836029741586306
"vial_letter",31.3003204186389,3,7.34852686676079e-07
"Treatment:PaternalStock",3.20713983705513,2,0.201177048861604
"Treatment:vial_letter",9.71471923565115,6,0.137191366669545
"PaternalStock:vial_letter",32.6693833307853,3,3.78159460888263e-07
"Treatment:PaternalStock:vial_letter",15.6247971998244,6,0.0159159783381874
