,Chisq,Df,Pr(>Chisq)
Treatment,0.405326281451887,2,0.816553258639894
Sex,30.3290451452032,1,3.6462483131752e-08
Stock,1.52644228572445,1,0.216647180504608
Treatment:Sex,7.58908265912934,2,0.0224932204262564
Treatment:Stock,3.91732349866467,2,0.141047050985893
Sex:Stock,1.57937827893116,1,0.208850270121694
Treatment:Sex:Stock,6.69486220221999,2,0.0351745981234075
