"","Chisq","Df","Pr(>Chisq)"
"Treatment",0.674472585738837,2,0.713740168263174
"Stock",12.8358804243451,1,0.000340035424192884
"Stage_grouped",68.9941577519797,1,9.87555524170342e-17
"Age",38.1730303695102,2,5.13844575883678e-09
"Treatment:Stock",15.1128468886287,2,0.000522741518628397
"Treatment:Stage_grouped",12.5904812358568,2,0.00184506528382546
"Stock:Stage_grouped",8.75784889061348,1,0.00308272437387597
"Treatment:Stock:Stage_grouped",1.11753166787163,2,0.571914465893067
